call_2	call_1	by	score	n
h	p	0	0.993103448276	2320290
p	h	0	0.979406130268	2651760
