call_2	call_1	by	score	n
h	p	0	0.820235401609	2320290
p	h	0	0.621991054997	2651760
