call_2	call_1	by	score	n
h	p	0	0.820175926285	2320290
p	h	0	0.622001236914	2651760
