call_2	call_1	by	score	n
h	p	0	0.765591370044	2320290
p	h	0	0.697188282499	2651760
