call_2	call_1	by	score	n
h	p	0	0.765889608627	2320290
p	h	0	0.697277279995	2651760
