call_2	call_1	by	score	n
r	s	0	0.956698240866	14587860
s	r	0	0.877487705865	76898862
