call_2	call_1	by	score	n
r	s	0	0.792016855111	14587860
s	r	0	0.537605016834	76898862
