call_2	call_1	by	score	n
r	s	0	0.789922853661	14587860
s	r	0	0.543139585083	76898862
