call_2	call_1	by	score	n
r	s	0	0.78993155953	14587860
s	r	0	0.543139142943	76898862
