call_2	call_1	by	score	n
r	s	0	0.792046331676	14587860
s	r	0	0.537614548834	76898862
