call_2	call_1	by	score	n
r	s	0	0.957374830853	14587860
s	r	0	0.879286445097	76898862
